year,predicted income capita
2020,41288.69409441762
2030,49573.34484664467
2222,208638.63928940496
2040,57857.99559887173
2119,123306.73654146586
2021,42117.15916964039
